pair,script,backend,rows_compared,top_mean_diff_idxs,top_mean_diff_vals,top_std_diff_idxs,top_std_diff_vals,stats_csv,histograms
log_script_2025-11-11T20-45-08.json__log_backend_2025-11-11T20-45-08.json,log_script_2025-11-11T20-45-08.json,static\debug_logs\log_backend_2025-11-11T20-45-08.json,12,"[103, 102, 107, 95, 41, 39]","[1.8125734329223633, 1.6134037971496582, 0.5833333134651184, 0.5098505616188049, 0.5074203014373779, 0.5065149664878845]","[103, 105, 102, 104, 107, 41]","[12.657679557800293, 10.932249069213867, 9.214034080505371, 4.050796985626221, 0.4930066466331482, 0.4402676820755005]",log_script_2025-11-11T20-45-08__log_backend_2025-11-11T20-45-08_stats.csv,"['log_script_2025-11-11T20-45-08__log_backend_2025-11-11T20-45-08_hist_idx103.png', 'log_script_2025-11-11T20-45-08__log_backend_2025-11-11T20-45-08_hist_idx102.png', 'log_script_2025-11-11T20-45-08__log_backend_2025-11-11T20-45-08_hist_idx107.png', 'log_script_2025-11-11T20-45-08__log_backend_2025-11-11T20-45-08_hist_idx95.png', 'log_script_2025-11-11T20-45-08__log_backend_2025-11-11T20-45-08_hist_idx41.png', 'log_script_2025-11-11T20-45-08__log_backend_2025-11-11T20-45-08_hist_idx39.png']"
log_script_2025-11-11T20-45-09.json__log_backend_2025-11-11T20-45-08.json,log_script_2025-11-11T20-45-09.json,static\debug_logs\log_backend_2025-11-11T20-45-08.json,12,"[103, 102, 107, 41, 95, 39]","[1.8125734329223633, 1.6134037971496582, 0.5833333134651184, 0.5074203014373779, 0.5069683194160461, 0.5065149664878845]","[103, 105, 102, 104, 107, 41]","[12.657679557800293, 10.932249069213867, 9.214034080505371, 4.050796985626221, 0.4930066466331482, 0.4402676820755005]",log_script_2025-11-11T20-45-09__log_backend_2025-11-11T20-45-08_stats.csv,"['log_script_2025-11-11T20-45-09__log_backend_2025-11-11T20-45-08_hist_idx103.png', 'log_script_2025-11-11T20-45-09__log_backend_2025-11-11T20-45-08_hist_idx102.png', 'log_script_2025-11-11T20-45-09__log_backend_2025-11-11T20-45-08_hist_idx107.png', 'log_script_2025-11-11T20-45-09__log_backend_2025-11-11T20-45-08_hist_idx41.png', 'log_script_2025-11-11T20-45-09__log_backend_2025-11-11T20-45-08_hist_idx95.png', 'log_script_2025-11-11T20-45-09__log_backend_2025-11-11T20-45-08_hist_idx39.png']"
log_script_2025-11-11T20-45-10.json__log_backend_2025-11-11T20-45-11.json,log_script_2025-11-11T20-45-10.json,static\debug_logs\log_backend_2025-11-11T20-45-11.json,15,"[103, 102, 107, 106, 41, 39]","[1.4425474405288696, 1.304842233657837, 0.6000000238418579, 0.4963749051094055, 0.4843496084213257, 0.48228952288627625]","[103, 105, 102, 104, 107, 106]","[11.123053550720215, 9.089445114135742, 8.308646202087402, 3.5475287437438965, 0.4898979961872101, 0.4645790457725525]",log_script_2025-11-11T20-45-10__log_backend_2025-11-11T20-45-11_stats.csv,"['log_script_2025-11-11T20-45-10__log_backend_2025-11-11T20-45-11_hist_idx103.png', 'log_script_2025-11-11T20-45-10__log_backend_2025-11-11T20-45-11_hist_idx102.png', 'log_script_2025-11-11T20-45-10__log_backend_2025-11-11T20-45-11_hist_idx107.png', 'log_script_2025-11-11T20-45-10__log_backend_2025-11-11T20-45-11_hist_idx106.png', 'log_script_2025-11-11T20-45-10__log_backend_2025-11-11T20-45-11_hist_idx41.png', 'log_script_2025-11-11T20-45-10__log_backend_2025-11-11T20-45-11_hist_idx39.png']"
log_script_2025-11-11T20-45-11.json__log_backend_2025-11-11T20-45-11.json,log_script_2025-11-11T20-45-11.json,static\debug_logs\log_backend_2025-11-11T20-45-11.json,15,"[103, 102, 107, 106, 41, 39]","[1.4425474405288696, 1.304842233657837, 0.6000000238418579, 0.4963749051094055, 0.4843496084213257, 0.48228952288627625]","[103, 105, 102, 104, 107, 106]","[11.123053550720215, 9.089445114135742, 8.308646202087402, 3.5475287437438965, 0.4898979961872101, 0.4645790457725525]",log_script_2025-11-11T20-45-11__log_backend_2025-11-11T20-45-11_stats.csv,"['log_script_2025-11-11T20-45-11__log_backend_2025-11-11T20-45-11_hist_idx103.png', 'log_script_2025-11-11T20-45-11__log_backend_2025-11-11T20-45-11_hist_idx102.png', 'log_script_2025-11-11T20-45-11__log_backend_2025-11-11T20-45-11_hist_idx107.png', 'log_script_2025-11-11T20-45-11__log_backend_2025-11-11T20-45-11_hist_idx106.png', 'log_script_2025-11-11T20-45-11__log_backend_2025-11-11T20-45-11_hist_idx41.png', 'log_script_2025-11-11T20-45-11__log_backend_2025-11-11T20-45-11_hist_idx39.png']"
log_script_2025-11-11T20-45-12.json__log_backend_2025-11-11T20-45-12.json,log_script_2025-11-11T20-45-12.json,static\debug_logs\log_backend_2025-11-11T20-45-12.json,18,"[105, 102, 103, 104, 17, 15]","[0.7815877199172974, 0.448542058467865, 0.3118557929992676, 0.3116457760334015, 0.228939026594162, 0.20542031526565552]","[103, 102, 105, 104, 17, 15]","[5.995013236999512, 5.04544734954834, 5.041670799255371, 2.1358642578125, 0.1610298752784729, 0.1478663980960846]",log_script_2025-11-11T20-45-12__log_backend_2025-11-11T20-45-12_stats.csv,"['log_script_2025-11-11T20-45-12__log_backend_2025-11-11T20-45-12_hist_idx105.png', 'log_script_2025-11-11T20-45-12__log_backend_2025-11-11T20-45-12_hist_idx102.png', 'log_script_2025-11-11T20-45-12__log_backend_2025-11-11T20-45-12_hist_idx103.png', 'log_script_2025-11-11T20-45-12__log_backend_2025-11-11T20-45-12_hist_idx104.png', 'log_script_2025-11-11T20-45-12__log_backend_2025-11-11T20-45-12_hist_idx17.png', 'log_script_2025-11-11T20-45-12__log_backend_2025-11-11T20-45-12_hist_idx15.png']"
log_script_2025-11-11T20-45-13.json__log_backend_2025-11-11T20-45-12.json,log_script_2025-11-11T20-45-13.json,static\debug_logs\log_backend_2025-11-11T20-45-12.json,18,"[103, 102, 105, 17, 15, 25]","[1.213565707206726, 1.1125236749649048, 0.8260968327522278, 0.45642831921577454, 0.4268842935562134, 0.4022919833660126]","[103, 102, 105, 104, 108, 107]","[9.76806354522705, 7.490380764007568, 5.049932479858398, 2.127258539199829, 0.18263429403305054, 0.17322838306427002]",log_script_2025-11-11T20-45-13__log_backend_2025-11-11T20-45-12_stats.csv,"['log_script_2025-11-11T20-45-13__log_backend_2025-11-11T20-45-12_hist_idx103.png', 'log_script_2025-11-11T20-45-13__log_backend_2025-11-11T20-45-12_hist_idx102.png', 'log_script_2025-11-11T20-45-13__log_backend_2025-11-11T20-45-12_hist_idx105.png', 'log_script_2025-11-11T20-45-13__log_backend_2025-11-11T20-45-12_hist_idx17.png', 'log_script_2025-11-11T20-45-13__log_backend_2025-11-11T20-45-12_hist_idx15.png', 'log_script_2025-11-11T20-45-13__log_backend_2025-11-11T20-45-12_hist_idx25.png']"
log_script_2025-11-11T20-45-14.json__log_backend_2025-11-11T20-45-15.json,log_script_2025-11-11T20-45-14.json,static\debug_logs\log_backend_2025-11-11T20-45-15.json,21,"[103, 102, 106, 107, 41, 39]","[0.42040032148361206, 0.38349300622940063, 0.15753597021102905, 0.1428571343421936, 0.13579952716827393, 0.1328953504562378]","[103, 105, 102, 104, 107, 95]","[9.608894348144531, 7.489630222320557, 6.753170967102051, 3.0175857543945312, 0.10182681679725647, 0.08995819091796875]",log_script_2025-11-11T20-45-14__log_backend_2025-11-11T20-45-15_stats.csv,"['log_script_2025-11-11T20-45-14__log_backend_2025-11-11T20-45-15_hist_idx103.png', 'log_script_2025-11-11T20-45-14__log_backend_2025-11-11T20-45-15_hist_idx102.png', 'log_script_2025-11-11T20-45-14__log_backend_2025-11-11T20-45-15_hist_idx106.png', 'log_script_2025-11-11T20-45-14__log_backend_2025-11-11T20-45-15_hist_idx107.png', 'log_script_2025-11-11T20-45-14__log_backend_2025-11-11T20-45-15_hist_idx41.png', 'log_script_2025-11-11T20-45-14__log_backend_2025-11-11T20-45-15_hist_idx39.png']"
log_script_2025-11-11T20-45-15.json__log_backend_2025-11-11T20-45-15.json,log_script_2025-11-11T20-45-15.json,static\debug_logs\log_backend_2025-11-11T20-45-15.json,21,"[103, 102, 106, 107, 18, 26]","[1.036498785018921, 0.9303152561187744, 0.3472774028778076, 0.2857142686843872, 0.20954087376594543, 0.20844674110412598]","[103, 102, 105, 104, 107, 106]","[12.493402481079102, 9.177850723266602, 7.580254554748535, 3.048044204711914, 0.4517539143562317, 0.44486531615257263]",log_script_2025-11-11T20-45-15__log_backend_2025-11-11T20-45-15_stats.csv,"['log_script_2025-11-11T20-45-15__log_backend_2025-11-11T20-45-15_hist_idx103.png', 'log_script_2025-11-11T20-45-15__log_backend_2025-11-11T20-45-15_hist_idx102.png', 'log_script_2025-11-11T20-45-15__log_backend_2025-11-11T20-45-15_hist_idx106.png', 'log_script_2025-11-11T20-45-15__log_backend_2025-11-11T20-45-15_hist_idx107.png', 'log_script_2025-11-11T20-45-15__log_backend_2025-11-11T20-45-15_hist_idx18.png', 'log_script_2025-11-11T20-45-15__log_backend_2025-11-11T20-45-15_hist_idx26.png']"
log_script_2025-11-11T20-45-16.json__log_backend_2025-11-11T20-45-15.json,log_script_2025-11-11T20-45-16.json,static\debug_logs\log_backend_2025-11-11T20-45-15.json,21,"[103, 102, 106, 107, 18, 26]","[1.0268906354904175, 0.9315731525421143, 0.34659528732299805, 0.2857142686843872, 0.21742376685142517, 0.21662527322769165]","[103, 102, 105, 104, 107, 106]","[12.554496765136719, 9.182300567626953, 7.580254554748535, 3.048044204711914, 0.4517539143562317, 0.44465184211730957]",log_script_2025-11-11T20-45-16__log_backend_2025-11-11T20-45-15_stats.csv,"['log_script_2025-11-11T20-45-16__log_backend_2025-11-11T20-45-15_hist_idx103.png', 'log_script_2025-11-11T20-45-16__log_backend_2025-11-11T20-45-15_hist_idx102.png', 'log_script_2025-11-11T20-45-16__log_backend_2025-11-11T20-45-15_hist_idx106.png', 'log_script_2025-11-11T20-45-16__log_backend_2025-11-11T20-45-15_hist_idx107.png', 'log_script_2025-11-11T20-45-16__log_backend_2025-11-11T20-45-15_hist_idx18.png', 'log_script_2025-11-11T20-45-16__log_backend_2025-11-11T20-45-15_hist_idx26.png']"
log_script_2025-11-11T20-45-17.json__log_backend_2025-11-11T20-45-18.json,log_script_2025-11-11T20-45-17.json,static\debug_logs\log_backend_2025-11-11T20-45-18.json,24,"[103, 102, 106, 107, 18, 26]","[0.8983117938041687, 0.8172215819358826, 0.31492191553115845, 0.2916666865348816, 0.2192990481853485, 0.21919098496437073]","[103, 105, 102, 104, 107, 106]","[8.729854583740234, 6.994739055633545, 6.515878200531006, 2.9512779712677, 0.4545297920703888, 0.4439471662044525]",log_script_2025-11-11T20-45-17__log_backend_2025-11-11T20-45-18_stats.csv,"['log_script_2025-11-11T20-45-17__log_backend_2025-11-11T20-45-18_hist_idx103.png', 'log_script_2025-11-11T20-45-17__log_backend_2025-11-11T20-45-18_hist_idx102.png', 'log_script_2025-11-11T20-45-17__log_backend_2025-11-11T20-45-18_hist_idx106.png', 'log_script_2025-11-11T20-45-17__log_backend_2025-11-11T20-45-18_hist_idx107.png', 'log_script_2025-11-11T20-45-17__log_backend_2025-11-11T20-45-18_hist_idx18.png', 'log_script_2025-11-11T20-45-17__log_backend_2025-11-11T20-45-18_hist_idx26.png']"
log_script_2025-11-11T20-45-18.json__log_backend_2025-11-11T20-45-18.json,log_script_2025-11-11T20-45-18.json,static\debug_logs\log_backend_2025-11-11T20-45-18.json,24,"[103, 102, 106, 107, 18, 26]","[0.8927493095397949, 0.8175493478775024, 0.3174619674682617, 0.2916666865348816, 0.22022059559822083, 0.21979102492332458]","[103, 105, 102, 104, 107, 106]","[8.731986999511719, 6.994739055633545, 6.5157551765441895, 2.9512779712677, 0.4545297920703888, 0.44339606165885925]",log_script_2025-11-11T20-45-18__log_backend_2025-11-11T20-45-18_stats.csv,"['log_script_2025-11-11T20-45-18__log_backend_2025-11-11T20-45-18_hist_idx103.png', 'log_script_2025-11-11T20-45-18__log_backend_2025-11-11T20-45-18_hist_idx102.png', 'log_script_2025-11-11T20-45-18__log_backend_2025-11-11T20-45-18_hist_idx106.png', 'log_script_2025-11-11T20-45-18__log_backend_2025-11-11T20-45-18_hist_idx107.png', 'log_script_2025-11-11T20-45-18__log_backend_2025-11-11T20-45-18_hist_idx18.png', 'log_script_2025-11-11T20-45-18__log_backend_2025-11-11T20-45-18_hist_idx26.png']"
log_script_2025-11-11T20-45-19.json__log_backend_2025-11-11T20-45-18.json,log_script_2025-11-11T20-45-19.json,static\debug_logs\log_backend_2025-11-11T20-45-18.json,24,"[103, 102, 106, 107, 18, 26]","[0.8920539021492004, 0.817786693572998, 0.3221484422683716, 0.2916666865348816, 0.22186151146888733, 0.22129860520362854]","[103, 105, 102, 104, 107, 106]","[8.727364540100098, 6.994739055633545, 6.517487049102783, 2.9512779712677, 0.4545297920703888, 0.4447360336780548]",log_script_2025-11-11T20-45-19__log_backend_2025-11-11T20-45-18_stats.csv,"['log_script_2025-11-11T20-45-19__log_backend_2025-11-11T20-45-18_hist_idx103.png', 'log_script_2025-11-11T20-45-19__log_backend_2025-11-11T20-45-18_hist_idx102.png', 'log_script_2025-11-11T20-45-19__log_backend_2025-11-11T20-45-18_hist_idx106.png', 'log_script_2025-11-11T20-45-19__log_backend_2025-11-11T20-45-18_hist_idx107.png', 'log_script_2025-11-11T20-45-19__log_backend_2025-11-11T20-45-18_hist_idx18.png', 'log_script_2025-11-11T20-45-19__log_backend_2025-11-11T20-45-18_hist_idx26.png']"
log_script_2025-11-11T20-45-20.json__log_backend_2025-11-11T20-45-21.json,log_script_2025-11-11T20-45-20.json,static\debug_logs\log_backend_2025-11-11T20-45-21.json,27,"[103, 102, 107, 41, 39, 37]","[0.78509122133255, 0.7294968962669373, 0.29629629850387573, 0.2401939034461975, 0.23949015140533447, 0.23387810587882996]","[103, 102, 105, 104, 108, 83]","[11.180756568908691, 8.041940689086914, 6.8887481689453125, 2.829127550125122, 0.2618913948535919, 0.2432817667722702]",log_script_2025-11-11T20-45-20__log_backend_2025-11-11T20-45-21_stats.csv,"['log_script_2025-11-11T20-45-20__log_backend_2025-11-11T20-45-21_hist_idx103.png', 'log_script_2025-11-11T20-45-20__log_backend_2025-11-11T20-45-21_hist_idx102.png', 'log_script_2025-11-11T20-45-20__log_backend_2025-11-11T20-45-21_hist_idx107.png', 'log_script_2025-11-11T20-45-20__log_backend_2025-11-11T20-45-21_hist_idx41.png', 'log_script_2025-11-11T20-45-20__log_backend_2025-11-11T20-45-21_hist_idx39.png', 'log_script_2025-11-11T20-45-20__log_backend_2025-11-11T20-45-21_hist_idx37.png']"
log_script_2025-11-11T20-45-21.json__log_backend_2025-11-11T20-45-21.json,log_script_2025-11-11T20-45-21.json,static\debug_logs\log_backend_2025-11-11T20-45-21.json,27,"[103, 102, 107, 106, 41, 39]","[0.7869924902915955, 0.7291854023933411, 0.7037037014961243, 0.5951019525527954, 0.5342172384262085, 0.5326688289642334]","[103, 102, 105, 104, 75, 83]","[11.181398391723633, 8.045379638671875, 5.814377307891846, 2.190951347351074, 0.19548171758651733, 0.19262292981147766]",log_script_2025-11-11T20-45-21__log_backend_2025-11-11T20-45-21_stats.csv,"['log_script_2025-11-11T20-45-21__log_backend_2025-11-11T20-45-21_hist_idx103.png', 'log_script_2025-11-11T20-45-21__log_backend_2025-11-11T20-45-21_hist_idx102.png', 'log_script_2025-11-11T20-45-21__log_backend_2025-11-11T20-45-21_hist_idx107.png', 'log_script_2025-11-11T20-45-21__log_backend_2025-11-11T20-45-21_hist_idx106.png', 'log_script_2025-11-11T20-45-21__log_backend_2025-11-11T20-45-21_hist_idx41.png', 'log_script_2025-11-11T20-45-21__log_backend_2025-11-11T20-45-21_hist_idx39.png']"
log_script_2025-11-11T20-45-22.json__log_backend_2025-11-11T20-45-21.json,log_script_2025-11-11T20-45-22.json,static\debug_logs\log_backend_2025-11-11T20-45-21.json,27,"[103, 107, 102, 41, 39, 1]","[0.8017071485519409, 0.7777777910232544, 0.7287744879722595, 0.5892999172210693, 0.587436318397522, 0.5795283913612366]","[103, 102, 105, 104, 107, 41]","[11.242701530456543, 8.048632621765137, 5.795118808746338, 2.1810426712036133, 0.41573968529701233, 0.32562199234962463]",log_script_2025-11-11T20-45-22__log_backend_2025-11-11T20-45-21_stats.csv,"['log_script_2025-11-11T20-45-22__log_backend_2025-11-11T20-45-21_hist_idx103.png', 'log_script_2025-11-11T20-45-22__log_backend_2025-11-11T20-45-21_hist_idx107.png', 'log_script_2025-11-11T20-45-22__log_backend_2025-11-11T20-45-21_hist_idx102.png', 'log_script_2025-11-11T20-45-22__log_backend_2025-11-11T20-45-21_hist_idx41.png', 'log_script_2025-11-11T20-45-22__log_backend_2025-11-11T20-45-21_hist_idx39.png', 'log_script_2025-11-11T20-45-22__log_backend_2025-11-11T20-45-21_hist_idx1.png']"
log_script_2025-11-11T20-45-23.json__log_backend_2025-11-11T20-45-24.json,log_script_2025-11-11T20-45-23.json,static\debug_logs\log_backend_2025-11-11T20-45-24.json,30,"[108, 107, 103, 97, 102, 41]","[0.8666666746139526, 0.8333333134651184, 0.727412760257721, 0.6629213094711304, 0.6561976671218872, 0.6358135938644409]","[103, 102, 105, 104, 107, 41]","[8.017245292663574, 5.966156005859375, 5.314090728759766, 1.795699119567871, 0.37267789244651794, 0.2990996539592743]",log_script_2025-11-11T20-45-23__log_backend_2025-11-11T20-45-24_stats.csv,"['log_script_2025-11-11T20-45-23__log_backend_2025-11-11T20-45-24_hist_idx108.png', 'log_script_2025-11-11T20-45-23__log_backend_2025-11-11T20-45-24_hist_idx107.png', 'log_script_2025-11-11T20-45-23__log_backend_2025-11-11T20-45-24_hist_idx103.png', 'log_script_2025-11-11T20-45-23__log_backend_2025-11-11T20-45-24_hist_idx97.png', 'log_script_2025-11-11T20-45-23__log_backend_2025-11-11T20-45-24_hist_idx102.png', 'log_script_2025-11-11T20-45-23__log_backend_2025-11-11T20-45-24_hist_idx41.png']"
log_script_2025-11-11T20-45-24.json__log_backend_2025-11-11T20-45-24.json,log_script_2025-11-11T20-45-24.json,static\debug_logs\log_backend_2025-11-11T20-45-24.json,30,"[108, 107, 103, 97, 102, 41]","[0.8999999761581421, 0.8333333134651184, 0.727412760257721, 0.6971300840377808, 0.6561976671218872, 0.6358135938644409]","[103, 102, 105, 104, 107, 106]","[8.017245292663574, 5.966156005859375, 5.592640399932861, 1.8093926906585693, 0.37267789244651794, 0.3036363422870636]",log_script_2025-11-11T20-45-24__log_backend_2025-11-11T20-45-24_stats.csv,"['log_script_2025-11-11T20-45-24__log_backend_2025-11-11T20-45-24_hist_idx108.png', 'log_script_2025-11-11T20-45-24__log_backend_2025-11-11T20-45-24_hist_idx107.png', 'log_script_2025-11-11T20-45-24__log_backend_2025-11-11T20-45-24_hist_idx103.png', 'log_script_2025-11-11T20-45-24__log_backend_2025-11-11T20-45-24_hist_idx97.png', 'log_script_2025-11-11T20-45-24__log_backend_2025-11-11T20-45-24_hist_idx102.png', 'log_script_2025-11-11T20-45-24__log_backend_2025-11-11T20-45-24_hist_idx41.png']"
log_script_2025-11-11T20-45-25.json__log_backend_2025-11-11T20-45-24.json,log_script_2025-11-11T20-45-25.json,static\debug_logs\log_backend_2025-11-11T20-45-24.json,30,"[108, 107, 103, 97, 102, 41]","[0.8999999761581421, 0.8333333134651184, 0.727412760257721, 0.6815515756607056, 0.6561976671218872, 0.6358135938644409]","[103, 102, 105, 104, 107, 106]","[8.017245292663574, 5.966156005859375, 5.592735290527344, 1.8230440616607666, 0.37267789244651794, 0.3047349452972412]",log_script_2025-11-11T20-45-25__log_backend_2025-11-11T20-45-24_stats.csv,"['log_script_2025-11-11T20-45-25__log_backend_2025-11-11T20-45-24_hist_idx108.png', 'log_script_2025-11-11T20-45-25__log_backend_2025-11-11T20-45-24_hist_idx107.png', 'log_script_2025-11-11T20-45-25__log_backend_2025-11-11T20-45-24_hist_idx103.png', 'log_script_2025-11-11T20-45-25__log_backend_2025-11-11T20-45-24_hist_idx97.png', 'log_script_2025-11-11T20-45-25__log_backend_2025-11-11T20-45-24_hist_idx102.png', 'log_script_2025-11-11T20-45-25__log_backend_2025-11-11T20-45-24_hist_idx41.png']"
log_script_2025-11-11T20-45-26.json__log_backend_2025-11-11T20-45-26.json,log_script_2025-11-11T20-45-26.json,static\debug_logs\log_backend_2025-11-11T20-45-26.json,33,"[108, 107, 97, 41, 39, 1]","[0.9090909361839294, 0.6969696879386902, 0.6906546354293823, 0.5156511664390564, 0.5133734345436096, 0.5078226327896118]","[103, 102, 105, 104, 107, 41]","[8.623723983764648, 6.794606685638428, 5.386971473693848, 1.9407283067703247, 0.45956820249557495, 0.34508636593818665]",log_script_2025-11-11T20-45-26__log_backend_2025-11-11T20-45-26_stats.csv,"['log_script_2025-11-11T20-45-26__log_backend_2025-11-11T20-45-26_hist_idx108.png', 'log_script_2025-11-11T20-45-26__log_backend_2025-11-11T20-45-26_hist_idx107.png', 'log_script_2025-11-11T20-45-26__log_backend_2025-11-11T20-45-26_hist_idx97.png', 'log_script_2025-11-11T20-45-26__log_backend_2025-11-11T20-45-26_hist_idx41.png', 'log_script_2025-11-11T20-45-26__log_backend_2025-11-11T20-45-26_hist_idx39.png', 'log_script_2025-11-11T20-45-26__log_backend_2025-11-11T20-45-26_hist_idx1.png']"
log_script_2025-11-11T20-45-27.json__log_backend_2025-11-11T20-45-26.json,log_script_2025-11-11T20-45-27.json,static\debug_logs\log_backend_2025-11-11T20-45-26.json,33,"[108, 107, 97, 41, 39, 1]","[0.939393937587738, 0.6969696879386902, 0.6915218830108643, 0.5156511664390564, 0.5133734345436096, 0.5078226327896118]","[103, 102, 105, 104, 107, 106]","[8.623723983764648, 6.794606685638428, 6.054410457611084, 2.4076108932495117, 0.45956820249557495, 0.39451679587364197]",log_script_2025-11-11T20-45-27__log_backend_2025-11-11T20-45-26_stats.csv,"['log_script_2025-11-11T20-45-27__log_backend_2025-11-11T20-45-26_hist_idx108.png', 'log_script_2025-11-11T20-45-27__log_backend_2025-11-11T20-45-26_hist_idx107.png', 'log_script_2025-11-11T20-45-27__log_backend_2025-11-11T20-45-26_hist_idx97.png', 'log_script_2025-11-11T20-45-27__log_backend_2025-11-11T20-45-26_hist_idx41.png', 'log_script_2025-11-11T20-45-27__log_backend_2025-11-11T20-45-26_hist_idx39.png', 'log_script_2025-11-11T20-45-27__log_backend_2025-11-11T20-45-26_hist_idx1.png']"
log_script_2025-11-11T20-45-28.json__log_backend_2025-11-11T20-45-29.json,log_script_2025-11-11T20-45-28.json,static\debug_logs\log_backend_2025-11-11T20-45-29.json,36,"[107, 108, 41, 39, 37, 1]","[0.6944444179534912, 0.6388888359069824, 0.5293582677841187, 0.5276591777801514, 0.5207214951515198, 0.5176958441734314]","[103, 102, 105, 104, 107, 41]","[8.222174644470215, 6.34520959854126, 5.828425884246826, 2.257891893386841, 0.46064233779907227, 0.3603644371032715]",log_script_2025-11-11T20-45-28__log_backend_2025-11-11T20-45-29_stats.csv,"['log_script_2025-11-11T20-45-28__log_backend_2025-11-11T20-45-29_hist_idx107.png', 'log_script_2025-11-11T20-45-28__log_backend_2025-11-11T20-45-29_hist_idx108.png', 'log_script_2025-11-11T20-45-28__log_backend_2025-11-11T20-45-29_hist_idx41.png', 'log_script_2025-11-11T20-45-28__log_backend_2025-11-11T20-45-29_hist_idx39.png', 'log_script_2025-11-11T20-45-28__log_backend_2025-11-11T20-45-29_hist_idx37.png', 'log_script_2025-11-11T20-45-28__log_backend_2025-11-11T20-45-29_hist_idx1.png']"
log_script_2025-11-11T20-45-29.json__log_backend_2025-11-11T20-45-29.json,log_script_2025-11-11T20-45-29.json,static\debug_logs\log_backend_2025-11-11T20-45-29.json,36,"[107, 41, 39, 37, 1, 35]","[0.6944444179534912, 0.5293582677841187, 0.5276591777801514, 0.5207214951515198, 0.5176958441734314, 0.5131862759590149]","[103, 102, 105, 104, 107, 41]","[8.222174644470215, 6.34520959854126, 5.833688735961914, 2.327174663543701, 0.46064233779907227, 0.3603644371032715]",log_script_2025-11-11T20-45-29__log_backend_2025-11-11T20-45-29_stats.csv,"['log_script_2025-11-11T20-45-29__log_backend_2025-11-11T20-45-29_hist_idx107.png', 'log_script_2025-11-11T20-45-29__log_backend_2025-11-11T20-45-29_hist_idx41.png', 'log_script_2025-11-11T20-45-29__log_backend_2025-11-11T20-45-29_hist_idx39.png', 'log_script_2025-11-11T20-45-29__log_backend_2025-11-11T20-45-29_hist_idx37.png', 'log_script_2025-11-11T20-45-29__log_backend_2025-11-11T20-45-29_hist_idx1.png', 'log_script_2025-11-11T20-45-29__log_backend_2025-11-11T20-45-29_hist_idx35.png']"
log_script_2025-11-11T20-45-30.json__log_backend_2025-11-11T20-45-29.json,log_script_2025-11-11T20-45-30.json,static\debug_logs\log_backend_2025-11-11T20-45-29.json,36,"[107, 106, 41, 39, 37, 1]","[0.6944444179534912, 0.6050655841827393, 0.5293582677841187, 0.5276591777801514, 0.5207214951515198, 0.5176958441734314]","[103, 102, 105, 104, 107, 41]","[8.222174644470215, 6.34520959854126, 5.833453178405762, 2.327544927597046, 0.46064233779907227, 0.3603644371032715]",log_script_2025-11-11T20-45-30__log_backend_2025-11-11T20-45-29_stats.csv,"['log_script_2025-11-11T20-45-30__log_backend_2025-11-11T20-45-29_hist_idx107.png', 'log_script_2025-11-11T20-45-30__log_backend_2025-11-11T20-45-29_hist_idx106.png', 'log_script_2025-11-11T20-45-30__log_backend_2025-11-11T20-45-29_hist_idx41.png', 'log_script_2025-11-11T20-45-30__log_backend_2025-11-11T20-45-29_hist_idx39.png', 'log_script_2025-11-11T20-45-30__log_backend_2025-11-11T20-45-29_hist_idx37.png', 'log_script_2025-11-11T20-45-30__log_backend_2025-11-11T20-45-29_hist_idx1.png']"
log_script_2025-11-11T20-45-31.json__log_backend_2025-11-11T20-45-31.json,log_script_2025-11-11T20-45-31.json,static\debug_logs\log_backend_2025-11-11T20-45-31.json,39,"[107, 106, 41, 39, 37, 1]","[0.6666666865348816, 0.6631118655204773, 0.5111687779426575, 0.5085815787315369, 0.5013965964317322, 0.4960549771785736]","[105, 103, 102, 104, 107, 106]","[5.808662414550781, 5.704787254333496, 4.441267013549805, 2.6806387901306152, 0.4714046120643616, 0.44418174028396606]",log_script_2025-11-11T20-45-31__log_backend_2025-11-11T20-45-31_stats.csv,"['log_script_2025-11-11T20-45-31__log_backend_2025-11-11T20-45-31_hist_idx107.png', 'log_script_2025-11-11T20-45-31__log_backend_2025-11-11T20-45-31_hist_idx106.png', 'log_script_2025-11-11T20-45-31__log_backend_2025-11-11T20-45-31_hist_idx41.png', 'log_script_2025-11-11T20-45-31__log_backend_2025-11-11T20-45-31_hist_idx39.png', 'log_script_2025-11-11T20-45-31__log_backend_2025-11-11T20-45-31_hist_idx37.png', 'log_script_2025-11-11T20-45-31__log_backend_2025-11-11T20-45-31_hist_idx1.png']"
log_script_2025-11-11T20-45-32.json__log_backend_2025-11-11T20-45-31.json,log_script_2025-11-11T20-45-32.json,static\debug_logs\log_backend_2025-11-11T20-45-31.json,39,"[107, 106, 103, 41, 39, 37]","[0.5384615659713745, 0.5300471782684326, 0.47033780813217163, 0.4094094932079315, 0.4075072407722473, 0.4025278091430664]","[105, 103, 102, 104, 108, 97]","[5.808662414550781, 3.6672372817993164, 2.7094273567199707, 2.6806387901306152, 0.2664693295955658, 0.14880631864070892]",log_script_2025-11-11T20-45-32__log_backend_2025-11-11T20-45-31_stats.csv,"['log_script_2025-11-11T20-45-32__log_backend_2025-11-11T20-45-31_hist_idx107.png', 'log_script_2025-11-11T20-45-32__log_backend_2025-11-11T20-45-31_hist_idx106.png', 'log_script_2025-11-11T20-45-32__log_backend_2025-11-11T20-45-31_hist_idx103.png', 'log_script_2025-11-11T20-45-32__log_backend_2025-11-11T20-45-31_hist_idx41.png', 'log_script_2025-11-11T20-45-32__log_backend_2025-11-11T20-45-31_hist_idx39.png', 'log_script_2025-11-11T20-45-32__log_backend_2025-11-11T20-45-31_hist_idx37.png']"
log_script_2025-11-11T20-45-33.json__log_backend_2025-11-11T20-45-34.json,log_script_2025-11-11T20-45-33.json,static\debug_logs\log_backend_2025-11-11T20-45-34.json,42,"[103, 102, 97, 105, 104, 108]","[0.42489826679229736, 0.3827502727508545, 0.21501219272613525, 0.20868456363677979, 0.1949649602174759, 0.190476194024086]","[105, 103, 102, 104, 108, 83]","[5.968764781951904, 5.66340446472168, 4.230527877807617, 2.492851734161377, 0.3926766514778137, 0.24789263308048248]",log_script_2025-11-11T20-45-33__log_backend_2025-11-11T20-45-34_stats.csv,"['log_script_2025-11-11T20-45-33__log_backend_2025-11-11T20-45-34_hist_idx103.png', 'log_script_2025-11-11T20-45-33__log_backend_2025-11-11T20-45-34_hist_idx102.png', 'log_script_2025-11-11T20-45-33__log_backend_2025-11-11T20-45-34_hist_idx97.png', 'log_script_2025-11-11T20-45-33__log_backend_2025-11-11T20-45-34_hist_idx105.png', 'log_script_2025-11-11T20-45-33__log_backend_2025-11-11T20-45-34_hist_idx104.png', 'log_script_2025-11-11T20-45-33__log_backend_2025-11-11T20-45-34_hist_idx108.png']"
log_script_2025-11-11T20-45-34.json__log_backend_2025-11-11T20-45-34.json,log_script_2025-11-11T20-45-34.json,static\debug_logs\log_backend_2025-11-11T20-45-34.json,42,"[103, 102, 97, 105, 104, 108]","[0.4253957271575928, 0.38142967224121094, 0.21651148796081543, 0.20868456363677979, 0.1949649602174759, 0.190476194024086]","[105, 103, 102, 104, 108, 83]","[5.968764781951904, 5.663487434387207, 4.230216026306152, 2.492851734161377, 0.3926766514778137, 0.24789263308048248]",log_script_2025-11-11T20-45-34__log_backend_2025-11-11T20-45-34_stats.csv,"['log_script_2025-11-11T20-45-34__log_backend_2025-11-11T20-45-34_hist_idx103.png', 'log_script_2025-11-11T20-45-34__log_backend_2025-11-11T20-45-34_hist_idx102.png', 'log_script_2025-11-11T20-45-34__log_backend_2025-11-11T20-45-34_hist_idx97.png', 'log_script_2025-11-11T20-45-34__log_backend_2025-11-11T20-45-34_hist_idx105.png', 'log_script_2025-11-11T20-45-34__log_backend_2025-11-11T20-45-34_hist_idx104.png', 'log_script_2025-11-11T20-45-34__log_backend_2025-11-11T20-45-34_hist_idx108.png']"
log_script_2025-11-11T20-45-35.json__log_backend_2025-11-11T20-45-34.json,log_script_2025-11-11T20-45-35.json,static\debug_logs\log_backend_2025-11-11T20-45-34.json,42,"[103, 106, 102, 107, 34, 26]","[0.4241531789302826, 0.3955499529838562, 0.38151660561561584, 0.3571428656578064, 0.3098413944244385, 0.30298101902008057]","[105, 103, 102, 104, 108, 107]","[5.968764781951904, 5.663175582885742, 4.230228424072266, 2.492851734161377, 0.3926766514778137, 0.2778869867324829]",log_script_2025-11-11T20-45-35__log_backend_2025-11-11T20-45-34_stats.csv,"['log_script_2025-11-11T20-45-35__log_backend_2025-11-11T20-45-34_hist_idx103.png', 'log_script_2025-11-11T20-45-35__log_backend_2025-11-11T20-45-34_hist_idx106.png', 'log_script_2025-11-11T20-45-35__log_backend_2025-11-11T20-45-34_hist_idx102.png', 'log_script_2025-11-11T20-45-35__log_backend_2025-11-11T20-45-34_hist_idx107.png', 'log_script_2025-11-11T20-45-35__log_backend_2025-11-11T20-45-34_hist_idx34.png', 'log_script_2025-11-11T20-45-35__log_backend_2025-11-11T20-45-34_hist_idx26.png']"
log_script_2025-11-11T20-45-36.json__log_backend_2025-11-11T20-45-37.json,log_script_2025-11-11T20-45-36.json,static\debug_logs\log_backend_2025-11-11T20-45-37.json,45,"[107, 106, 34, 26, 36, 18]","[0.3999999761581421, 0.39002180099487305, 0.34881874918937683, 0.34102529287338257, 0.3329957127571106, 0.32961219549179077]","[103, 102, 105, 104, 108, 107]","[7.491992950439453, 5.651271343231201, 5.596607208251953, 2.5119152069091797, 0.4157397150993347, 0.3465080261230469]",log_script_2025-11-11T20-45-36__log_backend_2025-11-11T20-45-37_stats.csv,"['log_script_2025-11-11T20-45-36__log_backend_2025-11-11T20-45-37_hist_idx107.png', 'log_script_2025-11-11T20-45-36__log_backend_2025-11-11T20-45-37_hist_idx106.png', 'log_script_2025-11-11T20-45-36__log_backend_2025-11-11T20-45-37_hist_idx34.png', 'log_script_2025-11-11T20-45-36__log_backend_2025-11-11T20-45-37_hist_idx26.png', 'log_script_2025-11-11T20-45-36__log_backend_2025-11-11T20-45-37_hist_idx36.png', 'log_script_2025-11-11T20-45-36__log_backend_2025-11-11T20-45-37_hist_idx18.png']"
log_script_2025-11-11T20-45-37.json__log_backend_2025-11-11T20-45-37.json,log_script_2025-11-11T20-45-37.json,static\debug_logs\log_backend_2025-11-11T20-45-37.json,45,"[97, 105, 108, 104, 34, 99]","[0.253784716129303, 0.231385737657547, 0.2222222238779068, 0.1948998123407364, 0.14384391903877258, 0.1436605453491211]","[103, 102, 105, 104, 108, 97]","[7.494298458099365, 5.656836032867432, 5.596607208251953, 2.5119152069091797, 0.4157397150993347, 0.25489863753318787]",log_script_2025-11-11T20-45-37__log_backend_2025-11-11T20-45-37_stats.csv,"['log_script_2025-11-11T20-45-37__log_backend_2025-11-11T20-45-37_hist_idx97.png', 'log_script_2025-11-11T20-45-37__log_backend_2025-11-11T20-45-37_hist_idx105.png', 'log_script_2025-11-11T20-45-37__log_backend_2025-11-11T20-45-37_hist_idx108.png', 'log_script_2025-11-11T20-45-37__log_backend_2025-11-11T20-45-37_hist_idx104.png', 'log_script_2025-11-11T20-45-37__log_backend_2025-11-11T20-45-37_hist_idx34.png', 'log_script_2025-11-11T20-45-37__log_backend_2025-11-11T20-45-37_hist_idx99.png']"
log_script_2025-11-11T20-45-38.json__log_backend_2025-11-11T20-45-37.json,log_script_2025-11-11T20-45-38.json,static\debug_logs\log_backend_2025-11-11T20-45-37.json,45,"[97, 105, 108, 104, 106, 99]","[0.2584875226020813, 0.231385737657547, 0.2222222238779068, 0.1948998123407364, 0.15938931703567505, 0.1475679874420166]","[103, 102, 105, 104, 108, 97]","[7.495813369750977, 5.658504486083984, 5.596607208251953, 2.5119152069091797, 0.4157397150993347, 0.25246602296829224]",log_script_2025-11-11T20-45-38__log_backend_2025-11-11T20-45-37_stats.csv,"['log_script_2025-11-11T20-45-38__log_backend_2025-11-11T20-45-37_hist_idx97.png', 'log_script_2025-11-11T20-45-38__log_backend_2025-11-11T20-45-37_hist_idx105.png', 'log_script_2025-11-11T20-45-38__log_backend_2025-11-11T20-45-37_hist_idx108.png', 'log_script_2025-11-11T20-45-38__log_backend_2025-11-11T20-45-37_hist_idx104.png', 'log_script_2025-11-11T20-45-38__log_backend_2025-11-11T20-45-37_hist_idx106.png', 'log_script_2025-11-11T20-45-38__log_backend_2025-11-11T20-45-37_hist_idx99.png']"
log_script_2025-11-11T20-45-39.json__log_backend_2025-11-11T20-45-37.json,log_script_2025-11-11T20-45-39.json,static\debug_logs\log_backend_2025-11-11T20-45-37.json,45,"[107, 106, 41, 39, 35, 37]","[0.3777778148651123, 0.34629589319229126, 0.29153382778167725, 0.2886490821838379, 0.28503546118736267, 0.2844295799732208]","[103, 102, 105, 104, 97, 108]","[7.496400833129883, 5.659141540527344, 3.568652868270874, 1.8594423532485962, 0.18160898983478546, 0.16629590094089508]",log_script_2025-11-11T20-45-39__log_backend_2025-11-11T20-45-37_stats.csv,"['log_script_2025-11-11T20-45-39__log_backend_2025-11-11T20-45-37_hist_idx107.png', 'log_script_2025-11-11T20-45-39__log_backend_2025-11-11T20-45-37_hist_idx106.png', 'log_script_2025-11-11T20-45-39__log_backend_2025-11-11T20-45-37_hist_idx41.png', 'log_script_2025-11-11T20-45-39__log_backend_2025-11-11T20-45-37_hist_idx39.png', 'log_script_2025-11-11T20-45-39__log_backend_2025-11-11T20-45-37_hist_idx35.png', 'log_script_2025-11-11T20-45-39__log_backend_2025-11-11T20-45-37_hist_idx37.png']"
log_script_2025-11-11T20-45-40.json__log_backend_2025-11-11T20-45-42.json,log_script_2025-11-11T20-45-40.json,static\debug_logs\log_backend_2025-11-11T20-45-42.json,48,"[107, 41, 39, 37, 1, 35]","[0.5208333134651184, 0.3982376158237457, 0.39658233523368835, 0.39102086424827576, 0.38871344923973083, 0.3856624662876129]","[103, 102, 105, 104, 107, 41]","[7.151021957397461, 5.504239082336426, 3.4336495399475098, 1.8250302076339722, 0.4995657205581665, 0.38876259326934814]",log_script_2025-11-11T20-45-40__log_backend_2025-11-11T20-45-42_stats.csv,"['log_script_2025-11-11T20-45-40__log_backend_2025-11-11T20-45-42_hist_idx107.png', 'log_script_2025-11-11T20-45-40__log_backend_2025-11-11T20-45-42_hist_idx41.png', 'log_script_2025-11-11T20-45-40__log_backend_2025-11-11T20-45-42_hist_idx39.png', 'log_script_2025-11-11T20-45-40__log_backend_2025-11-11T20-45-42_hist_idx37.png', 'log_script_2025-11-11T20-45-40__log_backend_2025-11-11T20-45-42_hist_idx1.png', 'log_script_2025-11-11T20-45-40__log_backend_2025-11-11T20-45-42_hist_idx35.png']"
log_script_2025-11-11T20-45-41.json__log_backend_2025-11-11T20-45-42.json,log_script_2025-11-11T20-45-41.json,static\debug_logs\log_backend_2025-11-11T20-45-42.json,48,"[107, 41, 39, 37, 1, 35]","[0.5208333134651184, 0.3982376158237457, 0.39658233523368835, 0.39102086424827576, 0.38871344923973083, 0.3856624662876129]","[103, 102, 105, 104, 107, 41]","[7.151021957397461, 5.504239082336426, 3.433274030685425, 1.8131482601165771, 0.4995657205581665, 0.38876259326934814]",log_script_2025-11-11T20-45-41__log_backend_2025-11-11T20-45-42_stats.csv,"['log_script_2025-11-11T20-45-41__log_backend_2025-11-11T20-45-42_hist_idx107.png', 'log_script_2025-11-11T20-45-41__log_backend_2025-11-11T20-45-42_hist_idx41.png', 'log_script_2025-11-11T20-45-41__log_backend_2025-11-11T20-45-42_hist_idx39.png', 'log_script_2025-11-11T20-45-41__log_backend_2025-11-11T20-45-42_hist_idx37.png', 'log_script_2025-11-11T20-45-41__log_backend_2025-11-11T20-45-42_hist_idx1.png', 'log_script_2025-11-11T20-45-41__log_backend_2025-11-11T20-45-42_hist_idx35.png']"
log_script_2025-11-11T20-45-42.json__log_backend_2025-11-11T20-45-42.json,log_script_2025-11-11T20-45-42.json,static\debug_logs\log_backend_2025-11-11T20-45-42.json,48,"[108, 107, 43, 45, 47, 77]","[0.5625, 0.5208333134651184, 0.49454542994499207, 0.4664195775985718, 0.4341919422149658, 0.42831188440322876]","[103, 102, 105, 104, 107, 41]","[7.151021957397461, 5.504239082336426, 3.4344582557678223, 1.802284836769104, 0.4995657205581665, 0.38876259326934814]",log_script_2025-11-11T20-45-42__log_backend_2025-11-11T20-45-42_stats.csv,"['log_script_2025-11-11T20-45-42__log_backend_2025-11-11T20-45-42_hist_idx108.png', 'log_script_2025-11-11T20-45-42__log_backend_2025-11-11T20-45-42_hist_idx107.png', 'log_script_2025-11-11T20-45-42__log_backend_2025-11-11T20-45-42_hist_idx43.png', 'log_script_2025-11-11T20-45-42__log_backend_2025-11-11T20-45-42_hist_idx45.png', 'log_script_2025-11-11T20-45-42__log_backend_2025-11-11T20-45-42_hist_idx47.png', 'log_script_2025-11-11T20-45-42__log_backend_2025-11-11T20-45-42_hist_idx77.png']"
log_script_2025-11-11T20-45-43.json__log_backend_2025-11-11T20-45-42.json,log_script_2025-11-11T20-45-43.json,static\debug_logs\log_backend_2025-11-11T20-45-42.json,48,"[108, 43, 45, 107, 47, 77]","[0.7291666269302368, 0.5940505266189575, 0.5578606724739075, 0.5208333134651184, 0.5164076089859009, 0.5057371258735657]","[103, 102, 105, 104, 107, 108]","[7.151021957397461, 5.504239082336426, 5.295541763305664, 2.252473831176758, 0.4995657205581665, 0.4443901479244232]",log_script_2025-11-11T20-45-43__log_backend_2025-11-11T20-45-42_stats.csv,"['log_script_2025-11-11T20-45-43__log_backend_2025-11-11T20-45-42_hist_idx108.png', 'log_script_2025-11-11T20-45-43__log_backend_2025-11-11T20-45-42_hist_idx43.png', 'log_script_2025-11-11T20-45-43__log_backend_2025-11-11T20-45-42_hist_idx45.png', 'log_script_2025-11-11T20-45-43__log_backend_2025-11-11T20-45-42_hist_idx107.png', 'log_script_2025-11-11T20-45-43__log_backend_2025-11-11T20-45-42_hist_idx47.png', 'log_script_2025-11-11T20-45-43__log_backend_2025-11-11T20-45-42_hist_idx77.png']"
log_script_2025-11-11T20-45-44.json__log_backend_2025-11-11T20-45-44.json,log_script_2025-11-11T20-45-44.json,static\debug_logs\log_backend_2025-11-11T20-45-44.json,48,"[108, 43, 45, 47, 77, 69]","[0.6458333730697632, 0.5481655597686768, 0.5146563649177551, 0.4773959517478943, 0.46995991468429565, 0.4516527056694031]","[103, 105, 102, 104, 107, 41]","[4.444456577301025, 4.298646926879883, 4.003859043121338, 2.0107297897338867, 0.49607837200164795, 0.35713130235671997]",log_script_2025-11-11T20-45-44__log_backend_2025-11-11T20-45-44_stats.csv,"['log_script_2025-11-11T20-45-44__log_backend_2025-11-11T20-45-44_hist_idx108.png', 'log_script_2025-11-11T20-45-44__log_backend_2025-11-11T20-45-44_hist_idx43.png', 'log_script_2025-11-11T20-45-44__log_backend_2025-11-11T20-45-44_hist_idx45.png', 'log_script_2025-11-11T20-45-44__log_backend_2025-11-11T20-45-44_hist_idx47.png', 'log_script_2025-11-11T20-45-44__log_backend_2025-11-11T20-45-44_hist_idx77.png', 'log_script_2025-11-11T20-45-44__log_backend_2025-11-11T20-45-44_hist_idx69.png']"
log_script_2025-11-11T20-45-45.json__log_backend_2025-11-11T20-45-44.json,log_script_2025-11-11T20-45-45.json,static\debug_logs\log_backend_2025-11-11T20-45-44.json,48,"[108, 43, 45, 47, 77, 69]","[0.6458333730697632, 0.5470088720321655, 0.5141039490699768, 0.4779090881347656, 0.46758222579956055, 0.4491170048713684]","[103, 105, 102, 104, 107, 41]","[4.444456577301025, 4.29953145980835, 4.003859043121338, 2.0099377632141113, 0.49607837200164795, 0.35713130235671997]",log_script_2025-11-11T20-45-45__log_backend_2025-11-11T20-45-44_stats.csv,"['log_script_2025-11-11T20-45-45__log_backend_2025-11-11T20-45-44_hist_idx108.png', 'log_script_2025-11-11T20-45-45__log_backend_2025-11-11T20-45-44_hist_idx43.png', 'log_script_2025-11-11T20-45-45__log_backend_2025-11-11T20-45-44_hist_idx45.png', 'log_script_2025-11-11T20-45-45__log_backend_2025-11-11T20-45-44_hist_idx47.png', 'log_script_2025-11-11T20-45-45__log_backend_2025-11-11T20-45-44_hist_idx77.png', 'log_script_2025-11-11T20-45-45__log_backend_2025-11-11T20-45-44_hist_idx69.png']"
log_script_2025-11-11T20-45-46.json__log_backend_2025-11-11T20-45-47.json,log_script_2025-11-11T20-45-46.json,static\debug_logs\log_backend_2025-11-11T20-45-47.json,48,"[108, 43, 45, 105, 107, 47]","[0.5833333730697632, 0.5178698301315308, 0.48693767189979553, 0.45854079723358154, 0.4583333432674408, 0.45403793454170227]","[103, 102, 105, 104, 107, 41]","[6.893901348114014, 5.534689903259277, 2.9059391021728516, 1.5450046062469482, 0.4982609450817108, 0.36632561683654785]",log_script_2025-11-11T20-45-46__log_backend_2025-11-11T20-45-47_stats.csv,"['log_script_2025-11-11T20-45-46__log_backend_2025-11-11T20-45-47_hist_idx108.png', 'log_script_2025-11-11T20-45-46__log_backend_2025-11-11T20-45-47_hist_idx43.png', 'log_script_2025-11-11T20-45-46__log_backend_2025-11-11T20-45-47_hist_idx45.png', 'log_script_2025-11-11T20-45-46__log_backend_2025-11-11T20-45-47_hist_idx105.png', 'log_script_2025-11-11T20-45-46__log_backend_2025-11-11T20-45-47_hist_idx107.png', 'log_script_2025-11-11T20-45-46__log_backend_2025-11-11T20-45-47_hist_idx47.png']"
log_script_2025-11-11T20-45-47.json__log_backend_2025-11-11T20-45-47.json,log_script_2025-11-11T20-45-47.json,static\debug_logs\log_backend_2025-11-11T20-45-47.json,48,"[108, 43, 45, 105, 107, 47]","[0.5833333730697632, 0.5107624530792236, 0.48114803433418274, 0.4631344676017761, 0.4583333432674408, 0.449106365442276]","[103, 102, 105, 104, 107, 41]","[6.893901348114014, 5.534689903259277, 2.907121181488037, 1.5454564094543457, 0.4982609450817108, 0.36632561683654785]",log_script_2025-11-11T20-45-47__log_backend_2025-11-11T20-45-47_stats.csv,"['log_script_2025-11-11T20-45-47__log_backend_2025-11-11T20-45-47_hist_idx108.png', 'log_script_2025-11-11T20-45-47__log_backend_2025-11-11T20-45-47_hist_idx43.png', 'log_script_2025-11-11T20-45-47__log_backend_2025-11-11T20-45-47_hist_idx45.png', 'log_script_2025-11-11T20-45-47__log_backend_2025-11-11T20-45-47_hist_idx105.png', 'log_script_2025-11-11T20-45-47__log_backend_2025-11-11T20-45-47_hist_idx107.png', 'log_script_2025-11-11T20-45-47__log_backend_2025-11-11T20-45-47_hist_idx47.png']"
log_script_2025-11-11T20-45-48.json__log_backend_2025-11-11T20-45-47.json,log_script_2025-11-11T20-45-48.json,static\debug_logs\log_backend_2025-11-11T20-45-47.json,48,"[108, 43, 45, 47, 107, 77]","[0.6041666269302368, 0.5269143581390381, 0.49621716141700745, 0.46255984902381897, 0.4583333432674408, 0.45104020833969116]","[103, 102, 105, 104, 107, 108]","[6.893901348114014, 5.534689903259277, 4.000377655029297, 1.8330341577529907, 0.4982609450817108, 0.48902884125709534]",log_script_2025-11-11T20-45-48__log_backend_2025-11-11T20-45-47_stats.csv,"['log_script_2025-11-11T20-45-48__log_backend_2025-11-11T20-45-47_hist_idx108.png', 'log_script_2025-11-11T20-45-48__log_backend_2025-11-11T20-45-47_hist_idx43.png', 'log_script_2025-11-11T20-45-48__log_backend_2025-11-11T20-45-47_hist_idx45.png', 'log_script_2025-11-11T20-45-48__log_backend_2025-11-11T20-45-47_hist_idx47.png', 'log_script_2025-11-11T20-45-48__log_backend_2025-11-11T20-45-47_hist_idx107.png', 'log_script_2025-11-11T20-45-48__log_backend_2025-11-11T20-45-47_hist_idx77.png']"
log_script_2025-11-11T20-45-49.json__log_backend_2025-11-11T20-45-47.json,log_script_2025-11-11T20-45-49.json,static\debug_logs\log_backend_2025-11-11T20-45-47.json,48,"[108, 43, 45, 47, 107, 77]","[0.6041666269302368, 0.5252943634986877, 0.49360379576683044, 0.4591268002986908, 0.4583333432674408, 0.4486067295074463]","[103, 102, 105, 104, 107, 108]","[6.893901348114014, 5.534689903259277, 4.0004167556762695, 1.8115226030349731, 0.4982609450817108, 0.48902884125709534]",log_script_2025-11-11T20-45-49__log_backend_2025-11-11T20-45-47_stats.csv,"['log_script_2025-11-11T20-45-49__log_backend_2025-11-11T20-45-47_hist_idx108.png', 'log_script_2025-11-11T20-45-49__log_backend_2025-11-11T20-45-47_hist_idx43.png', 'log_script_2025-11-11T20-45-49__log_backend_2025-11-11T20-45-47_hist_idx45.png', 'log_script_2025-11-11T20-45-49__log_backend_2025-11-11T20-45-47_hist_idx47.png', 'log_script_2025-11-11T20-45-49__log_backend_2025-11-11T20-45-47_hist_idx107.png', 'log_script_2025-11-11T20-45-49__log_backend_2025-11-11T20-45-47_hist_idx77.png']"
log_script_2025-11-11T20-45-50.json__log_backend_2025-11-11T20-45-47.json,log_script_2025-11-11T20-45-50.json,static\debug_logs\log_backend_2025-11-11T20-45-47.json,48,"[108, 43, 45, 47, 107, 77]","[0.6041666269302368, 0.527498722076416, 0.4942913353443146, 0.458513468503952, 0.4583333432674408, 0.45018279552459717]","[103, 102, 105, 104, 107, 108]","[6.893901348114014, 5.534689903259277, 4.01509952545166, 1.8146922588348389, 0.4982609450817108, 0.48902884125709534]",log_script_2025-11-11T20-45-50__log_backend_2025-11-11T20-45-47_stats.csv,"['log_script_2025-11-11T20-45-50__log_backend_2025-11-11T20-45-47_hist_idx108.png', 'log_script_2025-11-11T20-45-50__log_backend_2025-11-11T20-45-47_hist_idx43.png', 'log_script_2025-11-11T20-45-50__log_backend_2025-11-11T20-45-47_hist_idx45.png', 'log_script_2025-11-11T20-45-50__log_backend_2025-11-11T20-45-47_hist_idx47.png', 'log_script_2025-11-11T20-45-50__log_backend_2025-11-11T20-45-47_hist_idx107.png', 'log_script_2025-11-11T20-45-50__log_backend_2025-11-11T20-45-47_hist_idx77.png']"
log_script_2025-11-11T20-45-51.json__log_backend_2025-11-11T20-45-53.json,log_script_2025-11-11T20-45-51.json,static\debug_logs\log_backend_2025-11-11T20-45-53.json,48,"[108, 43, 45, 77, 47, 103]","[0.5416666269302368, 0.5285316705703735, 0.49605727195739746, 0.464517742395401, 0.46287837624549866, 0.4530710279941559]","[103, 102, 105, 104, 108, 107]","[3.1058084964752197, 2.7992608547210693, 2.238713026046753, 1.5804014205932617, 0.49826085567474365, 0.4841229319572449]",log_script_2025-11-11T20-45-51__log_backend_2025-11-11T20-45-53_stats.csv,"['log_script_2025-11-11T20-45-51__log_backend_2025-11-11T20-45-53_hist_idx108.png', 'log_script_2025-11-11T20-45-51__log_backend_2025-11-11T20-45-53_hist_idx43.png', 'log_script_2025-11-11T20-45-51__log_backend_2025-11-11T20-45-53_hist_idx45.png', 'log_script_2025-11-11T20-45-51__log_backend_2025-11-11T20-45-53_hist_idx77.png', 'log_script_2025-11-11T20-45-51__log_backend_2025-11-11T20-45-53_hist_idx47.png', 'log_script_2025-11-11T20-45-51__log_backend_2025-11-11T20-45-53_hist_idx103.png']"
log_script_2025-11-11T20-45-52.json__log_backend_2025-11-11T20-45-53.json,log_script_2025-11-11T20-45-52.json,static\debug_logs\log_backend_2025-11-11T20-45-53.json,48,"[108, 43, 45, 77, 47, 103]","[0.5416666269302368, 0.5278264880180359, 0.49388182163238525, 0.4656248390674591, 0.45923444628715515, 0.4530710279941559]","[103, 102, 105, 104, 108, 107]","[3.1058084964752197, 2.7992608547210693, 2.2442193031311035, 1.5664976835250854, 0.49826085567474365, 0.4841229319572449]",log_script_2025-11-11T20-45-52__log_backend_2025-11-11T20-45-53_stats.csv,"['log_script_2025-11-11T20-45-52__log_backend_2025-11-11T20-45-53_hist_idx108.png', 'log_script_2025-11-11T20-45-52__log_backend_2025-11-11T20-45-53_hist_idx43.png', 'log_script_2025-11-11T20-45-52__log_backend_2025-11-11T20-45-53_hist_idx45.png', 'log_script_2025-11-11T20-45-52__log_backend_2025-11-11T20-45-53_hist_idx77.png', 'log_script_2025-11-11T20-45-52__log_backend_2025-11-11T20-45-53_hist_idx47.png', 'log_script_2025-11-11T20-45-52__log_backend_2025-11-11T20-45-53_hist_idx103.png']"
log_script_2025-11-11T20-45-53.json__log_backend_2025-11-11T20-45-53.json,log_script_2025-11-11T20-45-53.json,static\debug_logs\log_backend_2025-11-11T20-45-53.json,48,"[108, 43, 45, 77, 47, 103]","[0.5416666269302368, 0.5252063274383545, 0.4934327006340027, 0.4636208713054657, 0.4599471390247345, 0.4530710279941559]","[103, 102, 105, 104, 108, 107]","[3.1058084964752197, 2.7992608547210693, 2.247512102127075, 1.593032956123352, 0.49826085567474365, 0.4841229319572449]",log_script_2025-11-11T20-45-53__log_backend_2025-11-11T20-45-53_stats.csv,"['log_script_2025-11-11T20-45-53__log_backend_2025-11-11T20-45-53_hist_idx108.png', 'log_script_2025-11-11T20-45-53__log_backend_2025-11-11T20-45-53_hist_idx43.png', 'log_script_2025-11-11T20-45-53__log_backend_2025-11-11T20-45-53_hist_idx45.png', 'log_script_2025-11-11T20-45-53__log_backend_2025-11-11T20-45-53_hist_idx77.png', 'log_script_2025-11-11T20-45-53__log_backend_2025-11-11T20-45-53_hist_idx47.png', 'log_script_2025-11-11T20-45-53__log_backend_2025-11-11T20-45-53_hist_idx103.png']"
log_script_2025-11-11T20-45-54.json__log_backend_2025-11-11T20-45-53.json,log_script_2025-11-11T20-45-54.json,static\debug_logs\log_backend_2025-11-11T20-45-53.json,48,"[108, 43, 45, 77, 47, 103]","[0.5416666269302368, 0.5272366404533386, 0.49388009309768677, 0.466595321893692, 0.45980629324913025, 0.4530710279941559]","[103, 102, 105, 104, 108, 107]","[3.1058084964752197, 2.7992608547210693, 2.2382402420043945, 1.5887540578842163, 0.49826085567474365, 0.4841229319572449]",log_script_2025-11-11T20-45-54__log_backend_2025-11-11T20-45-53_stats.csv,"['log_script_2025-11-11T20-45-54__log_backend_2025-11-11T20-45-53_hist_idx108.png', 'log_script_2025-11-11T20-45-54__log_backend_2025-11-11T20-45-53_hist_idx43.png', 'log_script_2025-11-11T20-45-54__log_backend_2025-11-11T20-45-53_hist_idx45.png', 'log_script_2025-11-11T20-45-54__log_backend_2025-11-11T20-45-53_hist_idx77.png', 'log_script_2025-11-11T20-45-54__log_backend_2025-11-11T20-45-53_hist_idx47.png', 'log_script_2025-11-11T20-45-54__log_backend_2025-11-11T20-45-53_hist_idx103.png']"
log_script_2025-11-11T20-45-55.json__log_backend_2025-11-11T20-45-56.json,log_script_2025-11-11T20-45-55.json,static\debug_logs\log_backend_2025-11-11T20-45-56.json,48,"[108, 43, 45, 47, 77, 69]","[0.6875, 0.577621579170227, 0.5426228642463684, 0.5036133527755737, 0.49784916639328003, 0.477548211812973]","[103, 102, 105, 104, 108, 107]","[4.687821388244629, 4.166943550109863, 1.3909801244735718, 1.0296045541763306, 0.4635123908519745, 0.4635123908519745]",log_script_2025-11-11T20-45-55__log_backend_2025-11-11T20-45-56_stats.csv,"['log_script_2025-11-11T20-45-55__log_backend_2025-11-11T20-45-56_hist_idx108.png', 'log_script_2025-11-11T20-45-55__log_backend_2025-11-11T20-45-56_hist_idx43.png', 'log_script_2025-11-11T20-45-55__log_backend_2025-11-11T20-45-56_hist_idx45.png', 'log_script_2025-11-11T20-45-55__log_backend_2025-11-11T20-45-56_hist_idx47.png', 'log_script_2025-11-11T20-45-55__log_backend_2025-11-11T20-45-56_hist_idx77.png', 'log_script_2025-11-11T20-45-55__log_backend_2025-11-11T20-45-56_hist_idx69.png']"
log_script_2025-11-11T20-45-56.json__log_backend_2025-11-11T20-45-56.json,log_script_2025-11-11T20-45-56.json,static\debug_logs\log_backend_2025-11-11T20-45-56.json,48,"[108, 43, 45, 47, 77, 69]","[0.6458333134651184, 0.5536172389984131, 0.5222814083099365, 0.48651325702667236, 0.47803181409835815, 0.4593717157840729]","[103, 102, 105, 104, 107, 41]","[4.687821388244629, 4.166943550109863, 1.3974298238754272, 1.048348069190979, 0.4635123908519745, 0.356689453125]",log_script_2025-11-11T20-45-56__log_backend_2025-11-11T20-45-56_stats.csv,"['log_script_2025-11-11T20-45-56__log_backend_2025-11-11T20-45-56_hist_idx108.png', 'log_script_2025-11-11T20-45-56__log_backend_2025-11-11T20-45-56_hist_idx43.png', 'log_script_2025-11-11T20-45-56__log_backend_2025-11-11T20-45-56_hist_idx45.png', 'log_script_2025-11-11T20-45-56__log_backend_2025-11-11T20-45-56_hist_idx47.png', 'log_script_2025-11-11T20-45-56__log_backend_2025-11-11T20-45-56_hist_idx77.png', 'log_script_2025-11-11T20-45-56__log_backend_2025-11-11T20-45-56_hist_idx69.png']"
log_script_2025-11-11T20-45-57.json__log_backend_2025-11-11T20-45-56.json,log_script_2025-11-11T20-45-57.json,static\debug_logs\log_backend_2025-11-11T20-45-56.json,48,"[108, 43, 45, 77, 47, 69]","[0.3958333134651184, 0.3840313255786896, 0.36124807596206665, 0.3391970992088318, 0.33743399381637573, 0.3252873420715332]","[103, 102, 105, 104, 107, 41]","[4.687821388244629, 4.166943550109863, 1.4091622829437256, 1.0788986682891846, 0.4635123908519745, 0.356689453125]",log_script_2025-11-11T20-45-57__log_backend_2025-11-11T20-45-56_stats.csv,"['log_script_2025-11-11T20-45-57__log_backend_2025-11-11T20-45-56_hist_idx108.png', 'log_script_2025-11-11T20-45-57__log_backend_2025-11-11T20-45-56_hist_idx43.png', 'log_script_2025-11-11T20-45-57__log_backend_2025-11-11T20-45-56_hist_idx45.png', 'log_script_2025-11-11T20-45-57__log_backend_2025-11-11T20-45-56_hist_idx77.png', 'log_script_2025-11-11T20-45-57__log_backend_2025-11-11T20-45-56_hist_idx47.png', 'log_script_2025-11-11T20-45-57__log_backend_2025-11-11T20-45-56_hist_idx69.png']"
log_script_2025-11-11T20-45-58.json__log_backend_2025-11-11T20-45-56.json,log_script_2025-11-11T20-45-58.json,static\debug_logs\log_backend_2025-11-11T20-45-56.json,48,"[107, 95, 41, 39, 34, 1]","[0.3125, 0.2509484887123108, 0.24043667316436768, 0.23787569999694824, 0.23696492612361908, 0.2344808578491211]","[103, 102, 105, 104, 107, 41]","[4.687821388244629, 4.166943550109863, 1.4244093894958496, 1.108414888381958, 0.4635123908519745, 0.356689453125]",log_script_2025-11-11T20-45-58__log_backend_2025-11-11T20-45-56_stats.csv,"['log_script_2025-11-11T20-45-58__log_backend_2025-11-11T20-45-56_hist_idx107.png', 'log_script_2025-11-11T20-45-58__log_backend_2025-11-11T20-45-56_hist_idx95.png', 'log_script_2025-11-11T20-45-58__log_backend_2025-11-11T20-45-56_hist_idx41.png', 'log_script_2025-11-11T20-45-58__log_backend_2025-11-11T20-45-56_hist_idx39.png', 'log_script_2025-11-11T20-45-58__log_backend_2025-11-11T20-45-56_hist_idx34.png', 'log_script_2025-11-11T20-45-58__log_backend_2025-11-11T20-45-56_hist_idx1.png']"
log_script_2025-11-11T20-45-59.json__log_backend_2025-11-11T20-46-01.json,log_script_2025-11-11T20-45-59.json,static\debug_logs\log_backend_2025-11-11T20-46-01.json,48,"[103, 102, 97, 106, 107, 108]","[0.4466008245944977, 0.40507999062538147, 0.3766399025917053, 0.34573954343795776, 0.3125, 0.2499999850988388]","[103, 102, 105, 104, 107, 41]","[3.118640184402466, 2.8120601177215576, 2.234988212585449, 1.765432596206665, 0.4635123908519745, 0.3336780071258545]",log_script_2025-11-11T20-45-59__log_backend_2025-11-11T20-46-01_stats.csv,"['log_script_2025-11-11T20-45-59__log_backend_2025-11-11T20-46-01_hist_idx103.png', 'log_script_2025-11-11T20-45-59__log_backend_2025-11-11T20-46-01_hist_idx102.png', 'log_script_2025-11-11T20-45-59__log_backend_2025-11-11T20-46-01_hist_idx97.png', 'log_script_2025-11-11T20-45-59__log_backend_2025-11-11T20-46-01_hist_idx106.png', 'log_script_2025-11-11T20-45-59__log_backend_2025-11-11T20-46-01_hist_idx107.png', 'log_script_2025-11-11T20-45-59__log_backend_2025-11-11T20-46-01_hist_idx108.png']"
log_script_2025-11-11T20-46-00.json__log_backend_2025-11-11T20-46-01.json,log_script_2025-11-11T20-46-00.json,static\debug_logs\log_backend_2025-11-11T20-46-01.json,48,"[106, 97, 108, 103, 102, 107]","[0.5172816514968872, 0.5009607672691345, 0.4791666567325592, 0.4466008245944977, 0.40507999062538147, 0.3125]","[103, 102, 105, 104, 108, 107]","[3.118640184402466, 2.8120601177215576, 2.268537759780884, 1.845476746559143, 0.4995657205581665, 0.4635123908519745]",log_script_2025-11-11T20-46-00__log_backend_2025-11-11T20-46-01_stats.csv,"['log_script_2025-11-11T20-46-00__log_backend_2025-11-11T20-46-01_hist_idx106.png', 'log_script_2025-11-11T20-46-00__log_backend_2025-11-11T20-46-01_hist_idx97.png', 'log_script_2025-11-11T20-46-00__log_backend_2025-11-11T20-46-01_hist_idx108.png', 'log_script_2025-11-11T20-46-00__log_backend_2025-11-11T20-46-01_hist_idx103.png', 'log_script_2025-11-11T20-46-00__log_backend_2025-11-11T20-46-01_hist_idx102.png', 'log_script_2025-11-11T20-46-00__log_backend_2025-11-11T20-46-01_hist_idx107.png']"
log_script_2025-11-11T20-46-01.json__log_backend_2025-11-11T20-46-01.json,log_script_2025-11-11T20-46-01.json,static\debug_logs\log_backend_2025-11-11T20-46-01.json,48,"[97, 106, 108, 103, 102, 107]","[0.5257652401924133, 0.5172816514968872, 0.4791666567325592, 0.4466008245944977, 0.40507999062538147, 0.3125]","[103, 102, 105, 104, 108, 107]","[3.118640184402466, 2.8120601177215576, 2.268537759780884, 1.845476746559143, 0.4995657205581665, 0.4635123908519745]",log_script_2025-11-11T20-46-01__log_backend_2025-11-11T20-46-01_stats.csv,"['log_script_2025-11-11T20-46-01__log_backend_2025-11-11T20-46-01_hist_idx97.png', 'log_script_2025-11-11T20-46-01__log_backend_2025-11-11T20-46-01_hist_idx106.png', 'log_script_2025-11-11T20-46-01__log_backend_2025-11-11T20-46-01_hist_idx108.png', 'log_script_2025-11-11T20-46-01__log_backend_2025-11-11T20-46-01_hist_idx103.png', 'log_script_2025-11-11T20-46-01__log_backend_2025-11-11T20-46-01_hist_idx102.png', 'log_script_2025-11-11T20-46-01__log_backend_2025-11-11T20-46-01_hist_idx107.png']"
log_script_2025-11-11T20-46-02.json__log_backend_2025-11-11T20-46-01.json,log_script_2025-11-11T20-46-02.json,static\debug_logs\log_backend_2025-11-11T20-46-01.json,48,"[106, 108, 97, 103, 102, 107]","[0.5172816514968872, 0.4791666567325592, 0.47249549627304077, 0.4466008245944977, 0.40507999062538147, 0.3125]","[103, 102, 105, 104, 108, 107]","[3.118640184402466, 2.8120601177215576, 2.268537759780884, 1.845476746559143, 0.4995657205581665, 0.4635123908519745]",log_script_2025-11-11T20-46-02__log_backend_2025-11-11T20-46-01_stats.csv,"['log_script_2025-11-11T20-46-02__log_backend_2025-11-11T20-46-01_hist_idx106.png', 'log_script_2025-11-11T20-46-02__log_backend_2025-11-11T20-46-01_hist_idx108.png', 'log_script_2025-11-11T20-46-02__log_backend_2025-11-11T20-46-01_hist_idx97.png', 'log_script_2025-11-11T20-46-02__log_backend_2025-11-11T20-46-01_hist_idx103.png', 'log_script_2025-11-11T20-46-02__log_backend_2025-11-11T20-46-01_hist_idx102.png', 'log_script_2025-11-11T20-46-02__log_backend_2025-11-11T20-46-01_hist_idx107.png']"
log_script_2025-11-11T20-46-03.json__log_backend_2025-11-11T20-46-03.json,log_script_2025-11-11T20-46-03.json,static\debug_logs\log_backend_2025-11-11T20-46-03.json,48,"[108, 106, 103, 97, 102, 99]","[0.4791666567325592, 0.45641088485717773, 0.44361093640327454, 0.4229974150657654, 0.4077500104904175, 0.28733956813812256]","[103, 102, 105, 104, 108, 107]","[3.109060525894165, 2.8090834617614746, 2.3679394721984863, 1.8065091371536255, 0.4995657801628113, 0.4330126941204071]",log_script_2025-11-11T20-46-03__log_backend_2025-11-11T20-46-03_stats.csv,"['log_script_2025-11-11T20-46-03__log_backend_2025-11-11T20-46-03_hist_idx108.png', 'log_script_2025-11-11T20-46-03__log_backend_2025-11-11T20-46-03_hist_idx106.png', 'log_script_2025-11-11T20-46-03__log_backend_2025-11-11T20-46-03_hist_idx103.png', 'log_script_2025-11-11T20-46-03__log_backend_2025-11-11T20-46-03_hist_idx97.png', 'log_script_2025-11-11T20-46-03__log_backend_2025-11-11T20-46-03_hist_idx102.png', 'log_script_2025-11-11T20-46-03__log_backend_2025-11-11T20-46-03_hist_idx99.png']"
